{"1/5 | Baikonur Cosmodrome, Republic of Kazakhstan": [45.9645851, 63.30524269999999], "Launch Complex 18A | Cape Canaveral, FL, USA": [28.5316167, -80.5644313], "Launch Complex 26A | Cape Canaveral, FL, USA": [28.5316167, -80.5644313], "Naval Air Weapons Station China Lake | Air launch to Suborbital flight": [35.6551706, -117.6574374], "Launch Complex 5 | Cape Canaveral, FL, USA": [28.4394214, -80.5733067], "Space Launch Complex 17A | Cape Canaveral, FL, USA": [28.5621041, -80.5772921], "Launch Complex 11 | Cape Canaveral, FL, USA": [28.4753087, -80.5394713], "Space Launch Complex 1W | Vandenberg SFB, CA, USA": [34.7420267, -120.5724404], "Space Launch Complex 1E | Vandenberg SFB, CA, USA": [34.7420267, -120.5724404], "Launch Complex 26B | Cape Canaveral, FL, USA": [28.4433167, -80.57121040000001], "Launch Area 1 | Wallops Island, Virginia, USA": [37.9501387, -77.4845277], "Space Launch Complex 14 | Cape Canaveral, FL, USA": [28.4910932, -80.546891], "Space Launch Complex 17B | Cape Canaveral, FL, USA": [28.5621041, -80.5772921], "Launch Complex 12 | Cape Canaveral, FL, USA": [28.4886723, -80.57282409999999], "Launch Area 3 | Wallops Island, Virginia, USA": [37.8815432, -75.437386], "Space Launch Complex 3W | Vandenberg SFB, CA, USA": [34.7420267, -120.5724404], "Unknown Pad | Wallops Island, Virginia, USA": [37.8815432, -75.437386], "Launch Area 4 | Wallops Island, Virginia, USA": [37.8815432, -75.437386], "Space Launch Complex 2E | Vandenberg SFB, CA, USA": [34.7420267, -120.5724404], "Space Launch Complex 3E | Vandenberg SFB, CA, USA": [34.7420267, -120.5724404], "Launch Complex 34 | Cape Canaveral, FL, USA": [28.5217945, -80.56112399999999], "Mayak-2 | Kapustin Yar, Russian Federation": [48.5752669, 45.76617539999999], "Launch Complex 18B | Cape Canaveral, FL, USA": [28.5316167, -80.5644313], "Launch Complex A | Vandenberg SFB, CA, USA": [34.7508627, -120.520532], "Space Launch Complex 5 | Vandenberg SFB, CA, USA": [34.7420267, -120.5724404], "Edwards Air Force Base | Air launch to Suborbital flight": [34.9240314, -117.8912085], "Space Launch Complex 2W | Vandenberg SFB, CA, USA": [34.7420267, -120.5724404], "Space Launch Complex 4W | Vandenberg SFB, CA, USA": [34.7420267, -120.5724404], "Launch Complex 36 | White Sands Missile Range": [33.2384902, -106.3463791], "Space Launch Complex 13 | Cape Canaveral, FL, USA": [28.5621041, -80.5772921], "31/6 | Baikonur Cosmodrome, Republic of Kazakhstan": [45.9645851, 63.30524269999999], "Launch Complex 36A | Cape Canaveral, FL, USA": [28.5316167, -80.5644313], "Space Launch Complex 37B | Cape Canaveral, FL, USA": [28.5312117, -80.5643257], "Launch Complex 19 | Cape Canaveral, FL, USA": [28.5067105, -80.5542356], "Space Launch Complex 4E | Vandenberg SFB, CA, USA": [34.6330319, -120.6152969], "41/15 | Baikonur Cosmodrome, Republic of Kazakhstan": [45.9645851, 63.30524269999999], "Space Launch Complex 20 | Cape Canaveral, FL, USA": [28.5121612, -80.55669019999999], "86/1 | Kapustin Yar, Russian Federation": [48.5752669, 45.76617539999999], "Launch Area 3A | Wallops Island, Virginia, USA": [37.8815432, -75.437386], "Space Launch Complex 10W | Vandenberg SFB, CA, USA": [34.7420267, -120.5724404], "576B3 | Vandenberg SFB, CA, USA": [34.7508627, -120.520532], "Space Launch Complex 40 | Cape Canaveral, FL, USA": [28.5621041, -80.5772921], "81/23 (81L) | Baikonur Cosmodrome, Republic of Kazakhstan": [48.019573, 66.923684], "Launch Complex 36B | Cape Canaveral, FL, USA": [28.5316167, -80.5644313], "Brigitte | Interarmy Special Vehicles Test Centre, French Algeria": [28.033886, 1.659626], "67/21 | Baikonur Cosmodrome, Republic of Kazakhstan": [45.9645851, 63.30524269999999], "Space Launch Complex 41 | Cape Canaveral, FL, USA": [28.5839112, -80.5827765], "41/1 | Plesetsk Cosmodrome, Russian Federation": [62.9278549, 40.5748409], "67/22 | Baikonur Cosmodrome, Republic of Kazakhstan": [45.9645851, 63.30524269999999], "162/36 | Baikonur Cosmodrome, Republic of Kazakhstan": [45.9645851, 63.30524269999999], "KS Center | Uchinoura Space Center, Japan": [39.011902, -98.4842465], "133/3 (133L) | Plesetsk Cosmodrome, Russian Federation": [62.9278549, 40.5748409], "161/35 | Baikonur Cosmodrome, Republic of Kazakhstan": [45.9645851, 63.30524269999999], "San Marco platform | Broglio Space Center, Kenya": [-2.9957377, 40.194845], "132/2 | Plesetsk Cosmodrome, Russian Federation": [62.9278549, 40.5748409], "90/19 | Baikonur Cosmodrome, Republic of Kazakhstan": [45.9645851, 63.30524269999999], "Launch Complex 39A | Kennedy Space Center, FL, USA": [28.6272629, -80.620834], "81/24 (81P) | Baikonur Cosmodrome, Republic of Kazakhstan": [45.9645851, 63.30524269999999], "Launch Area 8 | RAAF Woomera Range Complex": [-31.1988337, 136.8250657], "86/4 | Kapustin Yar, Russian Federation": [48.5752669, 45.76617539999999], "576A2 | Vandenberg SFB, CA, USA": [34.7508627, -120.520532], "90/20 | Baikonur Cosmodrome, Republic of Kazakhstan": [45.9645851, 63.30524269999999], "Launch Area 6A | RAAF Woomera Range Complex": [-31.1988337, 136.8250657], "110/38 (110R) | Baikonur Cosmodrome, Republic of Kazakhstan": [45.9645851, 63.30524269999999], "Launch Complex 39B | Kennedy Space Center, FL, USA": [28.6272629, -80.620834], "191/66 | Baikonur Cosmodrome, Republic of Kazakhstan": [45.9645851, 63.30524269999999], "132/1 (132L) | Plesetsk Cosmodrome, Russian Federation": [62.9278549, 40.5748409], "43/4 (43R) | Plesetsk Cosmodrome, Russian Federation": [62.9278549, 40.5748409], "Diamant Launch Area | Guiana Space Centre, French Guiana": [3.933889, -53.125782], "Launch Area 2A | Jiuquan Satellite Launch Center, People's Republic of China": [35.86166, 104.195397], "Launch Area 5B | RAAF Woomera Range Complex": [-31.1988337, 136.8250657], "Mu Center | Uchinoura Space Center, Japan": [36.204824, 138.252924], "43/3 (43L) | Plesetsk Cosmodrome, Russian Federation": [62.9278549, 40.5748409], "110/37 (110L) | Baikonur Cosmodrome, Republic of Kazakhstan": [45.9645851, 63.30524269999999], "Ariane Launch Area 1 (ELV) | Guiana Space Centre, French Guiana": [3.933889, -53.125782], "576A1 | Vandenberg SFB, CA, USA": [34.7508627, -120.520532], "107/1 | Kapustin Yar, Russian Federation": [48.5752669, 45.76617539999999], "90 | Baikonur Cosmodrome, Republic of Kazakhstan": [45.9645851, 63.30524269999999], "Launch Area 2B | Jiuquan Satellite Launch Center, People's Republic of China": [35.86166, 104.195397], "107/2 | Kapustin Yar, Russian Federation": [48.5752669, 45.76617539999999], "Osaki Launch Complex | Tanegashima Space Center, Japan": [30.3994624, 130.9704309], "32/2 | Plesetsk Cosmodrome, Russian Federation": [62.9278549, 40.5748409], "200/40 | Baikonur Cosmodrome, Republic of Kazakhstan": [45.9645851, 63.30524269999999], "SLV-3 Launch Pad | Satish Dhawan Space Centre, India": [13.7258653, 80.22655449999999], "32/1 | Plesetsk Cosmodrome, Russian Federation": [62.9278549, 40.5748409], "200/39 (200L) | Baikonur Cosmodrome, Republic of Kazakhstan": [45.9645851, 63.30524269999999], "16/2 | Plesetsk Cosmodrome, Russian Federation": [62.9278549, 40.5748409], "107 | Kapustin Yar, Russian Federation": [48.5752669, 45.76617539999999], "Launch Complex 3 (LC-3/LA-1) | Xichang Satellite Launch Center, People's Republic of China": [35.86166, 104.195397], "45/1 | Baikonur Cosmodrome, Republic of Kazakhstan": [45.9645851, 63.30524269999999], "Ariane Launch Area 2 | Guiana Space Centre, French Guiana": [3.933889, -53.125782], "250 | Baikonur Cosmodrome, Republic of Kazakhstan": [45.9645851, 63.30524269999999], "131 | Baikonur Cosmodrome, Republic of Kazakhstan": [45.9645851, 63.30524269999999], "Launch Complex 7 | Taiyuan Satellite Launch Center, People's Republic of China": [35.86166, 104.195397], "Shavit Launch Pad | Palmachim Airbase, State of Israel": [31.046051, 34.851612], "Edwards Air Force Base | Air launch to orbit": [34.9240314, -117.8912085], "45/2 | Baikonur Cosmodrome, Republic of Kazakhstan": [45.9645851, 63.30524269999999],